time,from,to,value
1516004912,0x004a1e27a5edb05e13d1ef8db952092c239518ff,0xbc05e610eaac542bfa64504025413291beb58d36,1.65E+26
1516005446,0x004a1e27a5edb05e13d1ef8db952092c239518ff,0xb6e617efffe4e529b855f4e45c236c0dac09a0b2,3.35E+26
1516012991,0xb6e617efffe4e529b855f4e45c236c0dac09a0b2,0xbc05e610eaac542bfa64504025413291beb58d36,3.66229E+25
1516075190,0xb6e617efffe4e529b855f4e45c236c0dac09a0b2,0xbc05e610eaac542bfa64504025413291beb58d36,1.13375E+24
1516207299,0xb6e617efffe4e529b855f4e45c236c0dac09a0b2,0xbc05e610eaac542bfa64504025413291beb58d36,3.95668E+23
1516243752,0xd71346588f419193d9ae0edb4e937dfc4389d75c,0x8d12a197cb00d4747a1fe03395095ce2a5cc6819,9.65794E+21
1516327680,0x1406c1ea5dfe7b56f5a9c803ead0a0a67541f3d4,0x980683dd00d3fa9385cad3e587840be9c5ed6f5a,4.837E+21
1516327835,0xd09f61d57f483fc31ce6124a208dd7540161bf1a,0x8780a9696c927ba79dcdf58f1dafa65ed3faabb4,4.837E+21
1516327889,0x164e16c67baf52203ef11b8b36c7735c32658aa7,0x108dfb86bf6310fb5a5d05de57d7e0a4f8439b85,4.837E+21
1516327941,0x1406c1ea5dfe7b56f5a9c803ead0a0a67541f3d4,0x980683dd00d3fa9385cad3e587840be9c5ed6f5a,4.837E+21
1516328054,0xd09f61d57f483fc31ce6124a208dd7540161bf1a,0x8780a9696c927ba79dcdf58f1dafa65ed3faabb4,4.837E+21
1516328771,0xcd482bb876827d4c44127eb479b688a886799ac7,0xaea42bbca85fd3acc2a9b8a3995e4e7144bca1aa,4.78764E+21
1516328776,0xc2d9ebc8b48b6f62ece7d3c2404f74c7f841efee,0x649670232196a05b2df66967e069994c4de51034,1.5444E+21
1516329089,0xd422ab30b6998600ecfb2f616daaf2783faf8028,0xedfac1998f4f2abd523d3e9b795324385dcb95b0,4.837E+21
1516329287,0xcd482bb876827d4c44127eb479b688a886799ac7,0xaea42bbca85fd3acc2a9b8a3995e4e7144bca1aa,4.78764E+21
1516329287,0xd422ab30b6998600ecfb2f616daaf2783faf8028,0xedfac1998f4f2abd523d3e9b795324385dcb95b0,4.837E+21
1516330288,0x5912acdb365ed0cab15aa6ee6ab9cf05242a0efb,0xe20f1fb7d6ff329a97a5a55a063f22d4f403b501,4.837E+21
1516330338,0x31095792145346c304c39c47d8eb10fbd49e0294,0x22ad987c902a60b00d618c127567218870b22396,5E+18
1516330626,0xb83a1460ae5c2a1ff06bd7d6249bb2a0452894b2,0x851cb5dd5dbb2f8c8fd8345e73083803c9b608d7,4.837E+21
1516330752,0x5912acdb365ed0cab15aa6ee6ab9cf05242a0efb,0xe20f1fb7d6ff329a97a5a55a063f22d4f403b501,4.837E+21
1516330856,0x7cf46189eeb70f91bdb83e8d6fe540f2223fab11,0x851cb5dd5dbb2f8c8fd8345e73083803c9b608d7,4.837E+21
1516330907,0xc89e2382ae5780ac48465497ca139c7f21280475,0x23da067fa95645ac5a8b5d769c69371a50eb1332,4.837E+21
1516331523,0xfd6c2dfa9118a70dbc9780fd0a095df3ea11a9ae,0xbf47ac5bfdef5b32c2d255a33b421a99d4b2dc63,4.837E+21
1516331702,0x31095792145346c304c39c47d8eb10fbd49e0294,0x22ad987c902a60b00d618c127567218870b22396,5E+18
1516331880,0x1404c58e8b7fdd4c386193550d69a950cd1000b6,0x8d12a197cb00d4747a1fe03395095ce2a5cc6819,2E+21
1516333121,0x2a7501744436786b90b59a47ff469e9260cb0dc3,0xde69879d9bef84bdb9f496ca7ed82dfa91d5bea6,4.837E+21
1516333944,0xa489f9bcdc4083fe0d45651474072d6ea7f80815,0xeb7deb3afb04561cdcf9217afacd626bff717b66,1.5E+21
1516334165,0x52a01463a34a45cb3ad2927b3676c536a5fbcea2,0x3ada27a7d2e7b684533076fa634e47555dc1a513,2.4185E+21
1516334503,0x52a01463a34a45cb3ad2927b3676c536a5fbcea2,0x52a01463a34a45cb3ad2927b3676c536a5fbcea2,2.4185E+21
1516334587,0x02774862f4ba6a0934b743c30652ffc5f84015fe,0x6ba5e9d1626dedb0d8a9dce26575daeb74de1baf,5E+18
1516334641,0x52a01463a34a45cb3ad2927b3676c536a5fbcea2,0x3ada27a7d2e7b684533076fa634e47555dc1a513,2.4185E+21
1516334641,0x42db8c86b6ce81f558e037acf2ecfe2da1b49b9d,0xc1754a32c2821ab9e5fbc81d2def571c685be319,4.837E+21
1516334641,0x222d7071be3734c9495880fbdec94c81e18d0b7e,0x2a59e288fe413548a2a4e76f7c0d7d9392e28204,4.837E+21
1516334832,0xfd165a688d1ed704f1f00c230a654bc6f8929f1f,0xf99c54c9ed357fd207d6f423789ef9c52ab55375,2.417E+21
1516335121,0xcb157d939cfdfeb28667872700a28f8ed2896e2a,0x914c4c2d50ebf786f16dcdafafe385b74a8d6f7b,4.78764E+21
1516335209,0x0cae58485186e92a52f0d6961f922a05240cc645,0x914c4c2d50ebf786f16dcdafafe385b74a8d6f7b,4.837E+21
1516335298,0x0cae58485186e92a52f0d6961f922a05240cc645,0x914c4c2d50ebf786f16dcdafafe385b74a8d6f7b,4.837E+21
1516335397,0x37643df696ea962b84498e3f45bd44f72b1ea5ae,0xa974e2a42b84ac110f7bd6de3170dc02d8431d0c,4.837E+21
1516335816,0x37643df696ea962b84498e3f45bd44f72b1ea5ae,0xa974e2a42b84ac110f7bd6de3170dc02d8431d0c,4.837E+21
1516336236,0xfd165a688d1ed704f1f00c230a654bc6f8929f1f,0xf99c54c9ed357fd207d6f423789ef9c52ab55375,2.417E+21
1516338188,0x242922090c907a33fea261f9931717c9b9d7d82c,0xb50892c18b7b5fc4f73bd88beaa1a378a344477e,4.7728E+21
1516338327,0x242922090c907a33fea261f9931717c9b9d7d82c,0x2c86188625f5cfccd85b29f4b4569af4a7c66956,4.7728E+21
1516338602,0x041cf0eef25a10b74f174d949708ea2069e1efff,0x6d329a5441edf5f0f32903defc7545c2f21c2f18,4.837E+21
1516338646,0xa16fd60b82b81b4374ac2f2734ff0da78d1cef3f,0x8d12a197cb00d4747a1fe03395095ce2a5cc6819,1E+19
1516338724,0x242922090c907a33fea261f9931717c9b9d7d82c,0x2c86188625f5cfccd85b29f4b4569af4a7c66956,4.7728E+21
1516339190,0x242922090c907a33fea261f9931717c9b9d7d82c,0x2c86188625f5cfccd85b29f4b4569af4a7c66956,4.7728E+21
1516339921,0xbb3c41b1906116c7397c71b50e0d665cc60f1796,0xa1fc45e5b7b7cdae685e16f2d2bf32fc169a5ffb,1.544E+21
1516340541,0x286c2bcdcd736c39a6b16f3982331dda40877e3d,0xf2684136420a0c8b6a4720dac7c3bb903bd6f152,4.78764E+21
1516341405,0xc1462425fdc766b747c7f0bd9de1883c818d2ac9,0x24cace107f3c11092175274ccc1ac2a99817e1ce,2.4185E+21
1516341626,0xc1462425fdc766b747c7f0bd9de1883c818d2ac9,0x24cace107f3c11092175274ccc1ac2a99817e1ce,2.4185E+21
1516346395,0xf09b414bc3c39610c875528713df69377abe1cd3,0xf639bed78db74fe9cbdedaf5dde3dbf3b0fbd61c,4.837E+21
1516347474,0xb2be6d8e872c7b08085d9dce6afcbd0286c75b0a,0xf6e9caae7c0146ac1f217ff91f32bf96c32a5b23,2.422E+21
1516347932,0x0ffa4468c47b34e032c16f1d8a440e62a51a2475,0xdb0e8e00c50648e2a81ae80d85f5421c3ac93511,4.837E+21
1516353094,0xe377fd5367547b673ef08f4161d2f375de09215d,0x5a562d9635bd147817d2505c8a0baa7342b87ea6,8.82E+20
1516353758,0x42db8c86b6ce81f558e037acf2ecfe2da1b49b9d,0x7e78edd2e48e7c1e6198975b4561fcad6873ee22,1E+21
1516356171,0x54ac891362340c4801096052d851aafb84e2232a,0x7045f85f1938c563afb644c20566423f02179f98,1.444E+21
1516356993,0x125f9c4878ff34e57da2f9f698502ad872f4994e,0x36fcfe2af181d13cd3c5718fdd69776c927e2b9b,4.837E+21
1516357416,0xb818e7fd7f1c4bb9e9997d60dbd3e08e39eeb99f,0xe1664dbc2571618a2c26a08af7cda80fe1d1f4b3,4.837E+21
1516358914,0x6a4bab3ab426b32a90c353ae450a1d9712d67d64,0x897f21219228922ccde899cd79b55e03de0c9df1,4.837E+21
1516360783,0xd659f05430eb67b0689b0fa89ff5ac6d737be632,0x59dc8ddf09cb1feee461032a25810f1ba6fa0aaa,2.418E+21
1516361005,0x256f80e8dd535d58023354c0854aec0d1df162b5,0x4da63f8db72347e0d59969e3227d5a35773892ae,1.2E+21
1516361571,0x256f80e8dd535d58023354c0854aec0d1df162b5,0x4da63f8db72347e0d59969e3227d5a35773892ae,1.2E+21
1516362181,0xe544e264df8bf302593fa882c00aaea2c4a0e7f4,0x59dc8ddf09cb1feee461032a25810f1ba6fa0aaa,4.837E+21
1516362340,0xfaa407ec06632bc80ca0d6c577e27dd6ca744136,0x59dc8ddf09cb1feee461032a25810f1ba6fa0aaa,4.837E+21
1516362375,0x242922090c907a33fea261f9931717c9b9d7d82c,0x2c86188625f5cfccd85b29f4b4569af4a7c66956,4.7728E+21
1516362436,0xd659f05430eb67b0689b0fa89ff5ac6d737be632,0x59dc8ddf09cb1feee461032a25810f1ba6fa0aaa,2.418E+21
1516362718,0xe544e264df8bf302593fa882c00aaea2c4a0e7f4,0x59dc8ddf09cb1feee461032a25810f1ba6fa0aaa,4.837E+21
1516362849,0xfaa407ec06632bc80ca0d6c577e27dd6ca744136,0x59dc8ddf09cb1feee461032a25810f1ba6fa0aaa,4.837E+21
1516363818,0x1fbdc05b84a218b09be2808a828de65206302718,0x0acd45cc50d09bd39e35658d94cf36c78414309c,4.837E+21
1516366881,0x5912acdb365ed0cab15aa6ee6ab9cf05242a0efb,0xe20f1fb7d6ff329a97a5a55a063f22d4f403b501,4.837E+21
1516367725,0x892da128475f45df21daf4d16652495d0820c6cc,0x5a7c23a4159deb7f9fbe759d7272c024c74a0deb,4.837E+21
1516367870,0x892da128475f45df21daf4d16652495d0820c6cc,0x5732046a883704404f284ce41ffadd5b007fd668,4.837E+21
1516369168,0xf1f6dca9f99ceacdccc2dbe94f4e1d70abc6e8bb,0x63aa415224762746b77aa898eadae29a486a7a51,7.722E+20
1516369738,0xacc2ceea5151268876d11c99879b2450c7c67993,0x089b6bb77f9d28d7ff0686dca2a41dbe655b1593,4.837E+21
1516371192,0xea3a38e43f888d309bc5140a06e01e0b94a0d372,0x9484f65fd81a7e6bcd54d74a4de20c33a6ae4f04,4.837E+21
1516372655,0x6a4bab3ab426b32a90c353ae450a1d9712d67d64,0x897f21219228922ccde899cd79b55e03de0c9df1,1E+18
1516373509,0x12d548072668c6edab2cf24e32d2449011d01739,0xd3e4f165f3a559a3b482dc6807723e067c7cb1c5,1.93E+21
1516374203,0x12d548072668c6edab2cf24e32d2449011d01739,0xd3e4f165f3a559a3b482dc6807723e067c7cb1c5,1.93E+21
1516376713,0xacc2ceea5151268876d11c99879b2450c7c67993,0x089b6bb77f9d28d7ff0686dca2a41dbe655b1593,4.837E+21
1516378333,0xe095c56351c0dad138752fc567c56427ac0f39fe,0x60ec9f92d54c0170cedfb93d3f2c1801084324a6,4.837E+21
1516378762,0x9c809df612d07cb250ac03a7d87f6c9c36e988d7,0xc87e55d1950edaa8c969ae0fe0f0a1c027e5e2ba,4.837E+21
1516379065,0x2fbea4e8475b9b5362a3e4a9935ca3dde65a7ed8,0x5fd41230032cf939cfed1c1284262323d784615a,4.837E+21
1516387991,0x86e4ea3d85e07532f2beabac0908926a09389457,0xa97266f558a454077ca279a75a6f4455bb23e161,4.837E+21
1516390268,0x7cf46189eeb70f91bdb83e8d6fe540f2223fab11,0x851cb5dd5dbb2f8c8fd8345e73083803c9b608d7,4.837E+21
1516390525,0x7cf46189eeb70f91bdb83e8d6fe540f2223fab11,0x851cb5dd5dbb2f8c8fd8345e73083803c9b608d7,4.837E+21
1516390688,0x7cf46189eeb70f91bdb83e8d6fe540f2223fab11,0x851cb5dd5dbb2f8c8fd8345e73083803c9b608d7,4.837E+21
1516394579,0xd20d600bd3809223531d7462dacde8c0923915d8,0xe202c3ce24ffc055c554098e83f864be598dd382,2E+19
1516394986,0xd20d600bd3809223531d7462dacde8c0923915d8,0xe202c3ce24ffc055c554098e83f864be598dd382,2E+19
1516399875,0xfc93b2250de152cfb3165ca493b04166223a9cc4,0x74c8fdd37a5ed70a1814e77662f6822cc79de5a3,1E+18
1516405300,0x791f49a882c482448227871e11ede09d26d9ae7a,0x2c2de09e35a8db8096001d50a9629ef2d8af638e,4.837E+21
1516409038,0xd20d600bd3809223531d7462dacde8c0923915d8,0xe202c3ce24ffc055c554098e83f864be598dd382,3E+19
1516409238,0x0ffa4468c47b34e032c16f1d8a440e62a51a2475,0xdb0e8e00c50648e2a81ae80d85f5421c3ac93511,4.837E+21
1516409664,0xd20d600bd3809223531d7462dacde8c0923915d8,0xe202c3ce24ffc055c554098e83f864be598dd382,3E+19
1516409908,0xd20d600bd3809223531d7462dacde8c0923915d8,0xe202c3ce24ffc055c554098e83f864be598dd382,2E+21
1516414451,0x557ee6b43919bf728d8b4066012f73d3efec4908,0x814005605621d5f4c606abb746d59c462883e2ea,2.417E+21
1516414933,0x256f80e8dd535d58023354c0854aec0d1df162b5,0xa477b1806815bbe5dfea9d4096eb9b5560723261,1.2E+21
1516415373,0xc98da6fb5798489b4105bf685ba398927c6797e9,0x62bda7ba48990aae7716e0fb8f0586f1cf1b21ab,241850
1516415727,0x7801a3af937e71e3aaebe475ebbc0373a72e94c9,0x61662ab12e7de0082358cb60bb6c9c8c8b18989d,4.837E+21
1516415852,0x4f7e8219f2ca71939dcaaf294237082fad5fd136,0x8d12a197cb00d4747a1fe03395095ce2a5cc6819,2.3166E+22
1516417262,0xb4e22b89bf32c52eac44fc00f8968effa822bf95,0x8d12a197cb00d4747a1fe03395095ce2a5cc6819,1E+18
1516417462,0x37643df696ea962b84498e3f45bd44f72b1ea5ae,0x4eb4ac8e51332aa56f17fd853eaf7d2be068ca51,7.6E+20
1516426117,0xf1862288eb42df73aa0ce96549a34f1c89c6aa1e,0x0f2af525e91bacd203df7d646a6dcfec9c4d053e,4.837E+21
1516426240,0xf1862288eb42df73aa0ce96549a34f1c89c6aa1e,0x0f2af525e91bacd203df7d646a6dcfec9c4d053e,4.837E+21
1516428844,0x540dd6160aa7af395dacb93d8e5c22c4fca737b0,0x8d12a197cb00d4747a1fe03395095ce2a5cc6819,3.37E+20
1516429050,0xa217648c1c5c4fb64394ca562c3e5db45cc5f755,0xb02a8468a646f6699f67d363e65bdf05e41eb883,4.837E+21
1516429347,0x9df06c8ce7358acebecb1849090a3974221515db,0x0b2549e3c97a81b6fd583e0633080b608f3beb9c,7.2E+20
1516430609,0x4fde3a127bc681f058e3352a7d2e75a6ebd17fa7,0x011492e973e8825076420efaef19d8f242c7e2d7,4.826E+21
1516431372,0xeb19e139da5effb10875d684758b6b829d706add,0x31199b96d960639bdbec9a8c135326f48a247068,4.837E+21
1516446247,0x2449f1829bfd924a9a80835a36193f92ff8fc654,0x7aa77cc254d8d3c717ac02ca565d32bb24718520,2.419E+21
1516446727,0x2449f1829bfd924a9a80835a36193f92ff8fc654,0x7aa77cc254d8d3c717ac02ca565d32bb24718520,2.419E+21
1516447540,0x911019dd8bbc44aca82c389a320afac996f1d5f9,0xcba618f62761a8032d401f7817f89f76c3df4681,4.837E+21
1516447789,0x2449f1829bfd924a9a80835a36193f92ff8fc654,0x7aa77cc254d8d3c717ac02ca565d32bb24718520,2.419E+21
1516447880,0x56d2f7b006fb4a288bddb75c55aa10e3239b205e,0x4e8ffddb1403cf5306c6c7b31dc72ef5f44bc4f5,1E+19
1516456030,0xeabb234d419cb287fb40edec9874bf3ed9d68573,0x1be8781acefa2519f643705c18158dd8ec209295,2.419E+21
1516456503,0xeabb234d419cb287fb40edec9874bf3ed9d68573,0x1be8781acefa2519f643705c18158dd8ec209295,2.418E+21
1516462266,0x398a55dbc96bd3c81e27dc992fe2dfadfbca99de,0x8d12a197cb00d4747a1fe03395095ce2a5cc6819,5E+20
1516463297,0x4031dfddaf163ac762eb449b32c365e98f97271a,0x706a39f86f174d26c0b5285721fbc48beaa192a0,4.78764E+21
1516464019,0x35bcc60f94169db96da0b3c6e0d3b78e57a23d9b,0x7c124e347ee8bd852a3ab50429cf676ca3f00bcc,4.837E+21
1516464224,0x35bcc60f94169db96da0b3c6e0d3b78e57a23d9b,0x7c124e347ee8bd852a3ab50429cf676ca3f00bcc,4.837E+21
1516467526,0x87ff73b1537e34763bc061bf4fc744aba24399f5,0x69f1f9299ef89b9a8b731b3606cf5b43e8936fb1,9.6525E+21
1516471301,0x4b61e251bef8e5f41a75ed4edfcdf1d8ba6e5804,0x5310e82712ccc258ccde830150e67ffef496e719,1.2E+19
1516472527,0x9df29b1cd0bb92ace23764af3d0e4c860647feb5,0x8c597bc50a9deb2c1b8c2efd7bafd9d01504613a,2.837E+21
1516473448,0x78fc702c650d9b4db492e1c6b535c9c3e62bc588,0xad13638de0a28a70fe14c3c29679b88e1cdc12e2,4.837E+21
1516473673,0x78fc702c650d9b4db492e1c6b535c9c3e62bc588,0xad13638de0a28a70fe14c3c29679b88e1cdc12e2,4.837E+21
1516485982,0xf7491aeb4db8d7c0192b79cb941903b5ea1e9c8d,0xc781db636e2dd907ec08566f0b12fe4cf5d4135d,7.35E+20
1516486137,0xf7491aeb4db8d7c0192b79cb941903b5ea1e9c8d,0xc781db636e2dd907ec08566f0b12fe4cf5d4135d,7.35E+20
1516489561,0x9a8d754dddbd5d52cfac7f9902147b012d3f11ce,0x8e60653778dfd76af0f89efc39f793c6f8d69669,4.73127E+21
1516490342,0x63c73952afc5d129ba4c3bf502444536d2f41408,0x1b240fa7cfede2c72ee5f9d1da51529c867727a4,4.837E+21
1516491786,0x63c73952afc5d129ba4c3bf502444536d2f41408,0x1b240fa7cfede2c72ee5f9d1da51529c867727a4,4.837E+21
1516493871,0x82f00c0e0c422d48ee72db0af60df500802f0a25,0x7f78139e2f3c8b84d6e5a8f334c602baeb5186c2,4.837E+21
1516494896,0x82f00c0e0c422d48ee72db0af60df500802f0a25,0x7f78139e2f3c8b84d6e5a8f334c602baeb5186c2,4.837E+21
1516497265,0x626bf63bae1a080cd9f1bad85a1d42c8fa69a87c,0x38fdfeaf3f1e57dae1145f153a7540ae753a3cb0,4.837E+21
1516523549,0x64d41483751b1c91fe701368fdb878f18cf95ac0,0x9718442a3ef5c1b45d1a89ddfc13f2500c5fedc0,1E+19
1516523746,0x64d41483751b1c91fe701368fdb878f18cf95ac0,0x9718442a3ef5c1b45d1a89ddfc13f2500c5fedc0,1E+19
1516535338,0xdf6da7464655e45f4a872f368cdcf35ab582b929,0x482e15b2679a71cb6d21675fbedd711e710ffbc2,4.837E+21
1516535399,0xbabd07e2357acd6d3ba000759f188665241fc2cd,0xf7ecc2a7dc06bc2f224d008516954b8ba21ea2d5,1E+18
1516549780,0x839e7474d4d5b7fa7ab1fbec906d2719baa280f7,0x0591e6e0eaaa626950cdbfdb39f974daf90c6003,2.4185E+21
1516576479,0x2afe19cb35529e39ea3b8d40a8fa64cf93e7ca4f,0xa1e05fd3cb5a4d9e7e1c41ace34d6028d90bd8ca,1.543E+21
1516583919,0xffe20923b9ea4ea59eeb4f97f979ccd437b49248,0x8d12a197cb00d4747a1fe03395095ce2a5cc6819,4.837E+21
1516587429,0x5fd48d101c5d9fdbf8a32b6634d54bd50b444c46,0xf3d164b8ebf5356e5ee3cd391390d9305b9090cf,3.62818E+21
1516587542,0x5fd48d101c5d9fdbf8a32b6634d54bd50b444c46,0xf3d164b8ebf5356e5ee3cd391390d9305b9090cf,3.62818E+21
1516587725,0x5fd48d101c5d9fdbf8a32b6634d54bd50b444c46,0xf3d164b8ebf5356e5ee3cd391390d9305b9090cf,3.62818E+21
1516587905,0x5fd48d101c5d9fdbf8a32b6634d54bd50b444c46,0xf3d164b8ebf5356e5ee3cd391390d9305b9090cf,3.62818E+21
1516588457,0x5fd48d101c5d9fdbf8a32b6634d54bd50b444c46,0xf3d164b8ebf5356e5ee3cd391390d9305b9090cf,3.62818E+21
1516588670,0x5fd48d101c5d9fdbf8a32b6634d54bd50b444c46,0xf3d164b8ebf5356e5ee3cd391390d9305b9090cf,3.628E+21
1516610178,0x52a0c0cdbdf9f45de44a1e61d27e839957e7d7ce,0x81e79481f2ea08d3e0b5f072b828864430eca038,4.78764E+21
1516613801,0x12d548072668c6edab2cf24e32d2449011d01739,0xd3e4f165f3a559a3b482dc6807723e067c7cb1c5,2E+21
1516614647,0xa6f151ba7aab6527ca412a7ea80f67be23d2cbf5,0x940269840cacd9503a4615066c0c8ea3b940d30c,4.837E+21
1516615555,0x52a0c0cdbdf9f45de44a1e61d27e839957e7d7ce,0x81e79481f2ea08d3e0b5f072b828864430eca038,4.78764E+21
1516619050,0x18d1d609a269f6bd321442cb4a409d0fa09463e4,0x9fd3373e1de3fbbbe9b32b21c3812025059df94c,4.837E+21
1516619194,0x18d1d609a269f6bd321442cb4a409d0fa09463e4,0x9fd3373e1de3fbbbe9b32b21c3812025059df94c,4.837E+21
1516626554,0x5fd48d101c5d9fdbf8a32b6634d54bd50b444c46,0xf3d164b8ebf5356e5ee3cd391390d9305b9090cf,3.62818E+21
1516626794,0xad2b5048ff315327c8d1cc649a878efc2952c32f,0xbf0a8df46773ff67c993468ade4af53cde97cae3,7.2555E+20
1516627411,0xad2b5048ff315327c8d1cc649a878efc2952c32f,0x1efddbcf946f5488dececefbbbf0175df031a52c,9.1903E+20
1516627440,0xfab8ccea6a991f3c9f6995972cf54b51bd92ea72,0xd66a095b6c45a4287ede93ca8a072d7ef8929f9c,4.78764E+21
1516627623,0xfab8ccea6a991f3c9f6995972cf54b51bd92ea72,0xd66a095b6c45a4287ede93ca8a072d7ef8929f9c,4.78764E+21
1516627808,0x5fd48d101c5d9fdbf8a32b6634d54bd50b444c46,0xf3d164b8ebf5356e5ee3cd391390d9305b9090cf,3.62818E+21
1516629734,0x5fd48d101c5d9fdbf8a32b6634d54bd50b444c46,0xf3d164b8ebf5356e5ee3cd391390d9305b9090cf,3.628E+21
1516629918,0x5fd48d101c5d9fdbf8a32b6634d54bd50b444c46,0xf3d164b8ebf5356e5ee3cd391390d9305b9090cf,3.6281E+21
1516630152,0x5fd48d101c5d9fdbf8a32b6634d54bd50b444c46,0xf3d164b8ebf5356e5ee3cd391390d9305b9090cf,3.6281E+21
1516631505,0xad2b5048ff315327c8d1cc649a878efc2952c32f,0xbf0a8df46773ff67c993468ade4af53cde97cae3,7.2555E+20
1516631650,0xad2b5048ff315327c8d1cc649a878efc2952c32f,0xbf0a8df46773ff67c993468ade4af53cde97cae3,7.2555E+20
1516632084,0xad2b5048ff315327c8d1cc649a878efc2952c32f,0xbf0a8df46773ff67c993468ade4af53cde97cae3,7.2555E+20
1516636802,0x8ee1335992c2f20eb268d373f6b6b64ec5175048,0x0dc7666922190337205aa386428ec8b197f1edf7,4.837E+21
1516649010,0x5a685ea7af6d02e1912ec71dfc1e9f6828f9b6d5,0xfeb6acfc316f38aa40061ed94a5f966d0a277b40,4.837E+21
1516649113,0x5a685ea7af6d02e1912ec71dfc1e9f6828f9b6d5,0xfeb6acfc316f38aa40061ed94a5f966d0a277b40,4.837E+21
1516652105,0xf4fdc939ba4252053ab29fe40725e40b21a5472d,0xabb6d35ee8b4de0690a4336e82f05817242c02a7,1E+18
1516652428,0x871167dcb98b72828745504ee78e4a783df3d1c0,0x42b0e99d79c5a5e22afc408eafb26987b5fe5406,4.837E+21
1516659464,0x8b81d9277bd8d1947acf3e8d7834c1df70085b11,0xfce4605e6ec2720a158a9dd8e108c1145057df02,4.837E+21
1516659619,0x8b81d9277bd8d1947acf3e8d7834c1df70085b11,0xfce4605e6ec2720a158a9dd8e108c1145057df02,4.837E+21
1516665120,0x427fb205a8a2cd275d508f252c29fb8b6f5c9c21,0x134ea9a09e07f5f681c6c7b106954e8cf93997b7,4.837E+21
1516666721,0xb8a0e902fe9ea4bac26c4aa23826cb94dde18375,0x0b823926292db12134cb2aaddcd7259622cc7b77,4.837E+21
1516681230,0x07ee2e808faeb2168105e419a768e5dfb85a1fe7,0x8a1ab920a8a44d5787e9b428a83fa55b24d789f8,4.837E+21
1516698286,0x8ec79b0eaa213eff0554b5e373104f19e9b0188d,0xe13fa295bceacfc060aa20955b6ddf7a45f22bb5,2.37E+20
1516707336,0x524b3553daa7b06d4eb0c8c9e90decc06b289bbc,0x742ace0ce92159015b29641224b5a96e8ffa8b6c,8.04E+20
1516715781,0x44b2e926a83697988b6297ff353d5b498892c170,0xba2ad3c98385af4c53a771c4563c9330e9a9f063,4.837E+21
1516718427,0xe095c56351c0dad138752fc567c56427ac0f39fe,0x60ec9f92d54c0170cedfb93d3f2c1801084324a6,4.837E+21
1516719842,0xe095c56351c0dad138752fc567c56427ac0f39fe,0x60ec9f92d54c0170cedfb93d3f2c1801084324a6,4.837E+21
1516722925,0x12d548072668c6edab2cf24e32d2449011d01739,0xd3e4f165f3a559a3b482dc6807723e067c7cb1c5,2E+21
1516725172,0x44b2e926a83697988b6297ff353d5b498892c170,0xba2ad3c98385af4c53a771c4563c9330e9a9f063,4.837E+21
1516727433,0x2c9bbc446c22d84616e124b7a386ea29f3169b1a,0x04cdd420e63c2328d41f8f2ce01bc508d69429e6,4.837E+21
1516729105,0xa51d12c775c14a7657f99797702a25bd828fd335,0xeae90941d009e304d12d1e8b6725f3f7d505edd7,4.837E+21
1516730568,0xba20e96e6bb2f4dec2184e23ce6d2c7544d08213,0x4a3631887a9e9bb5e95410a50d7a0c979093ecfc,4.837E+21
1516730749,0xba20e96e6bb2f4dec2184e23ce6d2c7544d08213,0x4a3631887a9e9bb5e95410a50d7a0c979093ecfc,4.837E+21
1516731291,0xd06e82694834f520316c6848066a919dd53b32ad,0xddaeec92a86b352463623043d6c5e382b9170f41,4.08E+20
1516735206,0x87e81e6b34f125a1271c1a9e9ca5b0a3cb8b4ff6,0x10612568e7c40d906da5f456e89cec7891420c84,4.837E+21
1516748653,0x6e18dfce79bfc0bd734865e31b6564bd52f8d922,0x5e467b9dbb8af890d0cf5a727b2f4d9ec76c1f06,4.837E+21
1516748810,0x6e18dfce79bfc0bd734865e31b6564bd52f8d922,0x5e467b9dbb8af890d0cf5a727b2f4d9ec76c1f06,4.837E+21
1516748959,0x2c9bbc446c22d84616e124b7a386ea29f3169b1a,0x04cdd420e63c2328d41f8f2ce01bc508d69429e6,4.837E+21
1516751983,0xb02a8468a646f6699f67d363e65bdf05e41eb883,0x620c495273ada69bf4cb3d6ac4d526f36101e246,4.837E+21
1516758469,0x82f00c0e0c422d48ee72db0af60df500802f0a25,0x7f78139e2f3c8b84d6e5a8f334c602baeb5186c2,4.837E+21
1516761910,0x3d7662181ef6bf869d568a9270a0bd5663492efa,0x5ddcec1fda73e03eed7291286456f7976c5a036f,9.66022E+21
1516767137,0xb6e617efffe4e529b855f4e45c236c0dac09a0b2,0xe9638c2d07eac8774d46b85e47cf53f52d60239f,1E+19
1516767673,0xe9638c2d07eac8774d46b85e47cf53f52d60239f,0xb6e617efffe4e529b855f4e45c236c0dac09a0b2,9E+18
1516768121,0xb6e617efffe4e529b855f4e45c236c0dac09a0b2,0xe5912e9c69af80c1040b4a1d170ddbf41ee9e66f,1E+19
1516768232,0xe5912e9c69af80c1040b4a1d170ddbf41ee9e66f,0xb6e617efffe4e529b855f4e45c236c0dac09a0b2,1E+19
1516768572,0xb6e617efffe4e529b855f4e45c236c0dac09a0b2,0xe5912e9c69af80c1040b4a1d170ddbf41ee9e66f,4.1021E+23
1516769163,0xe5912e9c69af80c1040b4a1d170ddbf41ee9e66f,0x28e062ec8f9c20fc41f75b17389d9fc5d190a4b1,1E+18
1516769386,0xe5912e9c69af80c1040b4a1d170ddbf41ee9e66f,0xb6e617efffe4e529b855f4e45c236c0dac09a0b2,4.1021E+23
1516769851,0xb6e617efffe4e529b855f4e45c236c0dac09a0b2,0xe9638c2d07eac8774d46b85e47cf53f52d60239f,3.63986E+26
1516770326,0xb6e617efffe4e529b855f4e45c236c0dac09a0b2,0x28e062ec8f9c20fc41f75b17389d9fc5d190a4b1,4.1021E+23
1516779613,0x8884ec9154c0182202d331cc1a3134381ac99275,0xa99b206d154abcf6879a4cf12eb893c79d132363,4.837E+21
1516782119,0x1fddca316c45ee17209fbab32c2d533c40d7ab49,0x22169ccd7c8feea3f89fdbb69f860b271a597586,4.837E+21
1516783162,0x8884ec9154c0182202d331cc1a3134381ac99275,0xa99b206d154abcf6879a4cf12eb893c79d132363,4.837E+21
1516785232,0xbd814b2f7fd859da6cc333ca0c10e99c178c59f5,0xc012ceb18ce1cc182fb577f9f484016759c34727,4.837E+21
1516786954,0x68ab66b482053a14f31a101bd1cf88d4111c5b0c,0xe0b35202826669ea63a4e0e058bf7933a2f0cde7,5E+19
1516789175,0x79dc4b068820508655ad6cde9d9d4aa5dd6915bd,0x8d12a197cb00d4747a1fe03395095ce2a5cc6819,4.837E+21
1516793160,0xdc4a7ca6a6194d02f4f2b27cc294246402c4cff2,0xbafee8a0fb862da18a74763d5b3e98cc43b38ad6,4.837E+21
1516793293,0xdc4a7ca6a6194d02f4f2b27cc294246402c4cff2,0xbafee8a0fb862da18a74763d5b3e98cc43b38ad6,4.837E+21
1516793302,0x2c9bbc446c22d84616e124b7a386ea29f3169b1a,0x04cdd420e63c2328d41f8f2ce01bc508d69429e6,4.837E+21
1516793378,0xdc4a7ca6a6194d02f4f2b27cc294246402c4cff2,0xbafee8a0fb862da18a74763d5b3e98cc43b38ad6,4.837E+21
1516793674,0x2c9bbc446c22d84616e124b7a386ea29f3169b1a,0x04cdd420e63c2328d41f8f2ce01bc508d69429e6,4.837E+21
1516794064,0x2c9bbc446c22d84616e124b7a386ea29f3169b1a,0x04cdd420e63c2328d41f8f2ce01bc508d69429e6,4.837E+21
1516794418,0xdc4a7ca6a6194d02f4f2b27cc294246402c4cff2,0xbafee8a0fb862da18a74763d5b3e98cc43b38ad6,4.837E+21
1516799657,0xa3898ec860279faca01d2645e8c64522da0be72a,0x545f5e5c54d8ac72af1c7de8c070387b73841a24,4.837E+21
1516805311,0xa3e6df6bd243070a1f793121fee76e121b9a4ea5,0x11b315e454d4f00b15b3b7fca809cea4f520fe37,4.837E+21
1516808104,0x0a268925c03124267d44686b27ab154aa4ae775a,0xf03a2eb0155151bdf5520b343cb06cc20431abcb,2.4185E+21
1516808524,0x4031dfddaf163ac762eb449b32c365e98f97271a,0x706a39f86f174d26c0b5285721fbc48beaa192a0,4.78764E+21
1516816015,0x0fee96ee85b22e6a78e79fa7f4d3cfd38921fae8,0x0fee96ee85b22e6a78e79fa7f4d3cfd38921fae8,4.837E+21
1516816125,0x5b5fd307c91ac7ffbdc2da1f761e0cfba1bdceab,0x00efcd61a32da40d230aac22bc0ebd026d8a9fcd,4.837E+21
1516816189,0x0fee96ee85b22e6a78e79fa7f4d3cfd38921fae8,0x2e34fecd193b6a2e3593e6a106f693aec356cfda,4.837E+21
1516816350,0x0fee96ee85b22e6a78e79fa7f4d3cfd38921fae8,0x2e34fecd193b6a2e3593e6a106f693aec356cfda,4.837E+21
1516816438,0x0fee96ee85b22e6a78e79fa7f4d3cfd38921fae8,0x2e34fecd193b6a2e3593e6a106f693aec356cfda,4.837E+21
1516816519,0x0fee96ee85b22e6a78e79fa7f4d3cfd38921fae8,0x2e34fecd193b6a2e3593e6a106f693aec356cfda,4.837E+21
1516816602,0x0fee96ee85b22e6a78e79fa7f4d3cfd38921fae8,0x2e34fecd193b6a2e3593e6a106f693aec356cfda,4.837E+21
1516816726,0x0fee96ee85b22e6a78e79fa7f4d3cfd38921fae8,0x2e34fecd193b6a2e3593e6a106f693aec356cfda,4.837E+21
1516816813,0x0fee96ee85b22e6a78e79fa7f4d3cfd38921fae8,0x2e34fecd193b6a2e3593e6a106f693aec356cfda,4.837E+21
1516817329,0x0fee96ee85b22e6a78e79fa7f4d3cfd38921fae8,0x2e34fecd193b6a2e3593e6a106f693aec356cfda,4.837E+21
1516826294,0x8d0abd7c2d927446998b5598fd30d171700dedd8,0x943cd0c750e6fee97d963a29482943fb3ed91478,7.5E+20
1516826836,0xf0042e8f024626894a64e7383bf8c3d8e5383900,0x111446ab3bd9bc2642c02894e6bde8e522e514e5,4.837E+21
1516828245,0xe993356a43fe90d520b15ebc58f09ea1e41b1b50,0x054150dd0ab69e7f279f8b6b10a72e06b959a974,4.837E+21
1516828355,0xe993356a43fe90d520b15ebc58f09ea1e41b1b50,0x054150dd0ab69e7f279f8b6b10a72e06b959a974,4.837E+21
1516833688,0x01ac9cd9a2f33254db2d14c2b0786a90df7143bb,0xa6243792364485f09d83981d987f170b1f338970,4.837E+21
1516841268,0x541b7a4d7cb316dd5848e88506caae9406392f84,0xf52fb4e9a5b0655022770382f9d12326a843213f,1.886E+21
1516841754,0x541b7a4d7cb316dd5848e88506caae9406392f84,0xf52fb4e9a5b0655022770382f9d12326a843213f,1.886E+21
1516841946,0x541b7a4d7cb316dd5848e88506caae9406392f84,0xf52fb4e9a5b0655022770382f9d12326a843213f,1.886E+21
1516860709,0xc45bd32a078d1c978408c10a8ed0df08631241ad,0xe23d91d9d6c1b08f7f3477f902123411901bb30b,4.837E+21
1516869120,0xa0aa7415f66819ff2d45044b5af164c321ca46bd,0x8d12a197cb00d4747a1fe03395095ce2a5cc6819,5E+20
1516869935,0xa0aa7415f66819ff2d45044b5af164c321ca46bd,0x8d12a197cb00d4747a1fe03395095ce2a5cc6819,1E+21
1516875396,0xa0aa7415f66819ff2d45044b5af164c321ca46bd,0x8d12a197cb00d4747a1fe03395095ce2a5cc6819,1E+21
1516884013,0x0fee96ee85b22e6a78e79fa7f4d3cfd38921fae8,0x2e34fecd193b6a2e3593e6a106f693aec356cfda,4.837E+21
1516886749,0x9eaa856d40ce7fd0a57d61f4cdf1b51a1c7207f2,0x03e2392298be0b0960dad9d776899506f97c623b,4.837E+21
1516886785,0x5e9cbbcc3b663a59f255045fecbd733fa101c9e9,0x3e6762123c9c6e69b02d114509f402e5326e7b42,3.7E+19
1516886885,0x9eaa856d40ce7fd0a57d61f4cdf1b51a1c7207f2,0x03e2392298be0b0960dad9d776899506f97c623b,4.837E+21
1516887135,0x9eaa856d40ce7fd0a57d61f4cdf1b51a1c7207f2,0x03e2392298be0b0960dad9d776899506f97c623b,4.837E+21
1516887611,0xf9f5b76752cf26286a0392f7f8c962db724d16f8,0xb8bf80bcc315e0e2ef52da8a7a09efaea274f849,4.837E+21
1516888055,0xf9f5b76752cf26286a0392f7f8c962db724d16f8,0xb8bf80bcc315e0e2ef52da8a7a09efaea274f849,4.837E+21
1516893690,0xa217648c1c5c4fb64394ca562c3e5db45cc5f755,0xd240dcf8be5b3907757a27bba9245360cf469bad,2.316E+21
1516898475,0xe00c122988a04c54bbfd73788a5e7d0015a7e690,0xebaabb954be1902c0709a9971e322b5805a9ce22,4.837E+21
1516898834,0xe00c122988a04c54bbfd73788a5e7d0015a7e690,0xebaabb954be1902c0709a9971e322b5805a9ce22,4.837E+21
1516899001,0xe00c122988a04c54bbfd73788a5e7d0015a7e690,0xebaabb954be1902c0709a9971e322b5805a9ce22,4.837E+21
1516902443,0xebaba1c2e69c3bc5320ab403c67f12eb02b1857c,0x41748877e25e3acd6de63791f4dbb29f33e256b9,4.837E+21
1516912186,0xf1ad8cf44ec0a5472af9afed7245f03877eeb97c,0xb03e4f5518f4550ae1fa25267c8eab5fddbb53f8,4.837E+21
1516914310,0x89e03925d689b54d9f8297f8dce9280302186cf1,0x17a56706cbd78664d7a3f0c0574f4a4f49aba642,4.837E+21
1516917424,0xf9f444f59b05603fda389e4063dbe6ed88236b0b,0x8a19a19be0f446188106926bcb7ff392e9e042c4,7.7145E+20
1516917698,0xf64c130968c511211fe86024aebb992be77ac708,0x8afb3e85d00da1791266faa5f45296d3b89be237,7.75E+20
1516919494,0x3ef2161fafa7ef60ba6d5e8529e07e5abeb483a1,0x1f47cac095511a1135d0748dc9df61836f9b494b,7.22E+20
1516922329,0xaaeaa2a4e3123a1ab0de7f60af4bc98cf01eb89b,0xd5da90199fe8ddc5fb6e050602f55bf1ffef210f,1E+21
1516928323,0xce69da9bd3f9a4ee0e772c3e5a753aa77f0d13c8,0x97f5c4ac55feb3db7c25cb51f2eeeba91bd04fea,4.837E+21
1516928618,0x37601fecc3c8ac7dac594d7f337db150fbee8f6e,0x6de38c03052462565b8df4a20ba053c096a8364b,9.8E+20
1516930701,0xb6e617efffe4e529b855f4e45c236c0dac09a0b2,0xe0bdd40f4b137dda2fe25c972acb4f52f3549049,2.87147E+24
1516931221,0xb6e617efffe4e529b855f4e45c236c0dac09a0b2,0x8fa7b914ff552d6f5250152765d2e791c4e51f8e,1.23063E+25
1516931580,0xb6e617efffe4e529b855f4e45c236c0dac09a0b2,0x40d2fa6ea02dfdd81ea621a1853069fbe39acc18,4.1021E+24
1516932287,0xb6e617efffe4e529b855f4e45c236c0dac09a0b2,0xeef5a1f6ced7e72d0c52f342fa1cb6e8cc5fd9a9,7.722E+24
1516933149,0xb6e617efffe4e529b855f4e45c236c0dac09a0b2,0x00596fa7783b11207861069f8bbb065c815fb01d,1.23063E+24
1516933623,0xb6e617efffe4e529b855f4e45c236c0dac09a0b2,0x1dc9b91de003fd503f25cb5d114cf0fc68f7afe6,1.23063E+24
1516933967,0xb6e617efffe4e529b855f4e45c236c0dac09a0b2,0x02a5e828c4b512271c5b737d4128727dad1e0ab6,4.92251E+23
1516936715,0xb6e617efffe4e529b855f4e45c236c0dac09a0b2,0x51f6427d4995deffe460787de16439c1262ab255,3.63446E+24
1516937045,0xb6e617efffe4e529b855f4e45c236c0dac09a0b2,0xb8344d358c03aab9944a7e305b2c77cc98d4ee4e,5.49681E+23
1516941743,0xb6e617efffe4e529b855f4e45c236c0dac09a0b2,0xeafa5ed20b961be6a3976341ebfc2f66d0d4bd51,4.1021E+24
1516943339,0x430f08efbbe6f6cb02578935f343a40b88ff5899,0xadd8e855c1440660a74dd0639ee6d56c8d40ed8c,4.837E+21
1516944023,0xe2921a01c7c611036d4cf66f953e9af6e53f949c,0x8ef71b53f330cb1c914bca2224df3b84b242ffe5,4.837E+21
1516950136,0xb6e617efffe4e529b855f4e45c236c0dac09a0b2,0xede8f53a188c333096ab5f96f9fcd8f269065694,4.1021E+23
1516950442,0xb6e617efffe4e529b855f4e45c236c0dac09a0b2,0x635fb1cbe7f7c458fe494a31692554d62a03391c,1.06655E+24
1516950740,0xb6e617efffe4e529b855f4e45c236c0dac09a0b2,0x4deeb3844900db04e19d5dbf32c06fbadc949f4d,8.20419E+24
1516951172,0xb6e617efffe4e529b855f4e45c236c0dac09a0b2,0x3871e3e505c5d68821ee6572a262cb904101be00,2.58432E+24
1516955341,0xb6e617efffe4e529b855f4e45c236c0dac09a0b2,0xcce4720026e57d1d4a532da9038d64ffdee14b7e,8.20419E+23
1516961977,0x4f9e369b79f0ff8d6e49fd05a09bb293ee9aba2a,0x0a4e070b9601d84e966aec7a0d35cb499ee5ab2a,4.837E+21
1516975422,0x3fdd22f1750583c4fc05b9930e4383a852623111,0x4abf12caf172858768a9465472cd6967a0f6022d,4.837E+21
1516975754,0x3fdd22f1750583c4fc05b9930e4383a852623111,0x4abf12caf172858768a9465472cd6967a0f6022d,4.837E+21
1517002136,0x5b5fd307c91ac7ffbdc2da1f761e0cfba1bdceab,0x00efcd61a32da40d230aac22bc0ebd026d8a9fcd,4.837E+21
1517011001,0x7327108bcc32f0a034f0d0fb9fb5e52d7a5f61bc,0xffd4dae0d7d8ddb6f408dca0a47763ae3a57f4ce,4.837E+21
1517013509,0x24d48cf93f2415a5b3ea5ab0cb453a1fed4db0b3,0xfe1e507bc8f2cae5f791384e6e3d1328081eeee7,4.837E+21
1517026189,0x77d6bcdeb6341fbe5df62a91e622951f5089e684,0x891f22efae69b3818fc46f9147c145a44e81757b,4.837E+21
1517036338,0xad764246b055752f710227ff5464bc111e5dab46,0xc7c18c7e3bcf8125a624bcc8a5e44c23be515fba,4.837E+21
1517041382,0xf97d15e77c90dd4c772c69dcf89e5d9d26ae067a,0xe4fe6fb85c81b9c5579420270970ac48e17a809b,4.837E+21
1517041572,0xf97d15e77c90dd4c772c69dcf89e5d9d26ae067a,0xe4fe6fb85c81b9c5579420270970ac48e17a809b,4.837E+21
1517052432,0xb6e617efffe4e529b855f4e45c236c0dac09a0b2,0x287e2c76aab4720786076c3deedd7dd386092050,1.64084E+25
1517054113,0xce7c48f1e791bcc8f12b443a4e4839624d3c85c9,0x7e52c6f0da3b830c0d175ff66b96cf0f420df1af,4.837E+21
1517055509,0x49d4b46d7ba1b8d491b83da0163374c4079051a2,0x7cbae75a34e07f7600f57cfe3976d8b87f9c709a,3.851E+21
1517059510,0x9eaa856d40ce7fd0a57d61f4cdf1b51a1c7207f2,0x03e2392298be0b0960dad9d776899506f97c623b,4.837E+21
1517061008,0x1cd43c1a498deb76446de239a9736b4948d24488,0x0283d0206acf2cdf6f6c0c8018f66e969f1e0a25,4.837E+21
1517066413,0x04823fabfa7f0fa5bd84ea284701337ecd8af395,0x1e8357d14fe22ac49d0c80e33ff1315a188967ce,4.837E+21
1517085996,0xad2b5048ff315327c8d1cc649a878efc2952c32f,0xbf0a8df46773ff67c993468ade4af53cde97cae3,7.2555E+20
1517090523,0x82d0e49a49dd88addccdfe5b27143abbc712aa8e,0x0495cd1f0a37e8da510203540e4f4453b2525529,4.837E+21
1517098012,0x858b0672ded1de431891ca79b4f13d8cc647914b,0x45eda4e5d02e49e57e71fe9789cf2abeb6845004,4.837E+21
1517098441,0x858b0672ded1de431891ca79b4f13d8cc647914b,0x45eda4e5d02e49e57e71fe9789cf2abeb6845004,4.837E+21
1517104707,0xb6e617efffe4e529b855f4e45c236c0dac09a0b2,0x8d55189f170b1b5ccb9de214e0eccdb30325c1f4,3.861E+23
1517105854,0xcf8e681968542ecc730f91dc9223258401a4f735,0x7ca930ca2d705e491332140aa07357748aa0bafd,4.837E+21
1517106231,0x30b671723ea4a93765f0601d88557379b5a46424,0x2a26bd7182c90e84e0b614d2e487b8cf0486334b,4.837E+21
1517128544,0x8032b3e61b78d0641062b2a8ac1fd6b2371d6df1,0x88d54227888c17ce2e12b98e67abaa435f7a5035,7.06E+20
1517128780,0x81b3d93d2050992680567804d2a0aef5512cf03b,0xcd1b826d48ad10081f074417daf9c7d34bb4ca8e,4.837E+21
1517130094,0xdff4e854ad03f210fef9cac47d71606c0fb20c96,0xbf60f516fd64d82c347072fccf5497a524de2e35,4.837E+21
1517134312,0x60c7435377e56f787e9dcca07b50ecd0c006201d,0xf637833a4dadffb897fca65a3ab3329a4cb7608a,7.5E+20
1517141263,0x36534401f2493c197d552ffc69c761ae3cf418c5,0x4aec434f95d30a0cbe29b03bcedb748088ff4726,4.837E+21
1517149985,0xf1b936360b38e28ecdee30842adf5620151e5736,0x88f9a9c30446a8a055e1852652c7fce89f14e65b,4.837E+21
1517158249,0xabff30dccd2db83435621e26f3203f327a829952,0xe0729112aeb91e0a31565a998c6cd55a0c2c4ea2,9.6525E+21
1517172694,0x1e88ebb85b5f4b9477750083da7c55a3b4524ddf,0x761e751723998070aef76dc5b256cf2206e8b9d9,1E+20
1517211206,0x8c3e5d2f20705d915fb9d3d24782d346869b1239,0x0a530a3ce01c4fff2644cd3b6b240bfdc7d080c9,4.832E+21
1517216834,0xe02ac80e3902bee36157f86159472e058e84ee83,0x6c5cabaa2200d8f515a08a9062757fc5d644c4ae,4.837E+21
1517224612,0xc7746e70c1b485a1e1d115cc2f8a306da7af7a99,0xeb60c4daf60dad71ee63514a0a59986276a8255f,1.30584E+21
1517234197,0x6031d595272cb28cfc807c1cbd85974f050ac4ec,0xf5d2806e2a1208f20f2ccb0ed24241949fc09365,4.837E+21
1517237500,0x6031d595272cb28cfc807c1cbd85974f050ac4ec,0xf5d2806e2a1208f20f2ccb0ed24241949fc09365,4.837E+21
1517246814,0x8e9eefd19813e392f01d058cb32400ee52171066,0xb3f892f806dffd6ed662ce03a06a11143609a651,4.837E+21
1517249801,0xec749042af81f6ad72029912ec3d5a9cc94ac18f,0x1b6d8283b6d6e0d92450886abff633f59c4910d6,4.837E+21
1517249971,0xec749042af81f6ad72029912ec3d5a9cc94ac18f,0x1b6d8283b6d6e0d92450886abff633f59c4910d6,4.837E+21
1517256266,0xeaffa4beeaf37e411c43148fb8950e1643d2abfd,0xc9e8bbd09773b5ed1d0520cc75e83ddc8a8a200e,1E+18
1517257137,0x1e88ebb85b5f4b9477750083da7c55a3b4524ddf,0x761e751723998070aef76dc5b256cf2206e8b9d9,4.837E+21
1517282453,0x36944f952062ab44f57629e508540a9c5e50df89,0xd8c296d6ed9c07df5ec9ecfd11441addd7a56e2e,4.837E+21
1517282612,0x36944f952062ab44f57629e508540a9c5e50df89,0xd8c296d6ed9c07df5ec9ecfd11441addd7a56e2e,4.837E+21
1517285915,0x06e70b91c9396bb958ff5a95532b0e32e941f629,0x6605af6d7d7c5f03bc381794239aa2a14e6f2733,4.837E+21
1517296846,0x28e102d747df8ae2cbbd0266911efb609986515d,0xe4881e683236acfff5f6933bec6c08e3787155d8,4.837E+21
1517302715,0x709f33176a4275cd740c358ae76c1b472e62ddee,0xc3a41eced52ae62725bea27f319ea16a266907ad,4.837E+21
